experiment,experiment_canon,policy,policy_variant,policy_label,x_name,x_value,num_trials,num_success,num_timeout,num_timeout_pruned,num_error,success_rate,success_ci95_low,success_ci95_high,status_counts,planning_time_mean_all,planning_time_std_all,planning_time_median_all,planning_time_mean_capped,planning_time_std_capped,planning_time_median_capped,planning_time_mean_success,planning_time_std_success,planning_time_median_success,wall_clock_sec_mean_all,wall_clock_sec_std_all,wall_clock_sec_mean_success,wall_clock_sec_std_success,exec_time_mean_success,exec_time_std_success,control_steps_mean_success,control_steps_std_success,total_sims_mean_success,total_sims_std_success,total_expanded_mean_success,total_expanded_std_success,total_visited_mean_success,total_visited_std_success,planning_iterations_mean_success,planning_iterations_std_success,push_tasks_executed_mean_success,push_tasks_executed_std_success,occupancy_ratio_mean,occupancy_ratio_std
density,density,dfs,dfs,DFS-WCCG,obstacle_count,15.0,10,10,0,0,0,1.0,0.7224672001371107,0.9999999999999999,TERMINATED:10,17.292815065383913,9.083920741815081,14.354987025260925,17.292815065383913,9.083920741815081,14.354987025260925,17.292815065383913,9.083920741815081,14.354987025260925,39.56156616210937,19.279916904648324,39.56156616210937,19.279916904648324,62.720000000000574,35.29021504295758,2763.6,1478.0230189156205,185.6,99.83452976467275,5.8,3.1198290551460235,185.6,99.83452976467275,1.1,0.31622776601683794,5.8,3.1198290551460235,0.1110611168784283,0.010233747370247162
density,density,dfs,dfs,DFS-WCCG,obstacle_count,20.0,10,10,0,0,0,1.0,0.7224672001371107,0.9999999999999999,TERMINATED:10,45.93132917881012,47.468515401504696,26.515808939933777,45.93132917881012,47.468515401504696,26.515808939933777,45.93132917881012,47.468515401504696,26.515808939933777,91.03154065608979,76.29882653287102,91.03154065608979,76.29882653287102,110.28250000000757,67.92709843199889,4613.6,2720.578337208633,377.6,378.86942928196845,67.5,182.72641966733886,377.6,378.86942928196845,1.1,0.31622776601683794,10.0,6.912147117775907,0.14635423221104576,0.010985397176318908
density,density,dfs,dfs,DFS-WCCG,obstacle_count,25.0,10,9,1,0,0,0.9,0.5958499732047615,0.9821237869049271,TERMINATED:9;TIMEOUT:1,135.45747842788697,241.08973200575338,40.672781229019165,135.45747842788697,241.08973200575338,40.672781229019165,61.61942047542996,63.672048135659466,36.07473969459534,184.49334218502045,235.83015494509323,116.1037135389116,99.74971194262899,106.86388888889607,39.15701986696395,4427.333333333333,1543.1835600472161,348.44444444444446,222.53489114693403,45.111111111111114,109.46853936684784,348.44444444444446,222.53489114693403,1.0,0.0,9.88888888888889,4.075673086879161,0.179619981723804,0.013977207839615396
density,density,dfs,dfs,DFS-WCCG,obstacle_count,30.0,10,9,1,1,0,0.9,0.5958499732047615,0.9821237869049271,TERMINATED:9;TIMEOUT_PRUNED:1,197.73470599651336,248.36640090679066,106.2244931459427,197.73470599651336,248.36640090679066,106.2244931459427,130.81633999612598,137.90700134509652,99.78517556190492,279.0455779314041,243.26780927324447,221.1617532571157,169.95024968880384,158.41944444446335,62.598161386973324,6457.555555555556,2480.7185506981195,629.3333333333334,473.82697263874707,144.0,359.5691866664884,629.3333333333334,473.82697263874707,1.1111111111111112,0.33333333333333337,15.555555555555555,5.876034187934732,0.20760994906399022,0.013005687999000629
density,density,dfs,dfs,DFS-WCCG,obstacle_count,35.0,10,5,5,1,0,0.5,0.236593090512564,0.7634069094874361,TERMINATED:5;TIMEOUT:4;TIMEOUT_PRUNED:1,483.78278195858,339.5928406439836,557.283283829689,483.78278195858,339.5928406439836,557.283283829689,167.56556391716003,97.43765556921642,121.68728351593018,543.071271443367,283.85760948258735,286.142542886734,127.52702318846165,183.00000000002447,40.542574073444655,7427.4,1620.8427746083207,704.0,306.933217492014,134.6,214.63993104732398,704.0,306.933217492014,1.2,0.44721359549995804,18.2,4.08656334834051,0.23607975629971337,0.017951197265808502
density,density,dfs,dfs,DFS-WCCG,obstacle_count,40.0,10,2,8,5,0,0.2,0.05668215145437519,0.5098375284633583,TERMINATED:2;TIMEOUT:3;TIMEOUT_PRUNED:5,681.6631494045257,253.4612331646577,800.0,681.6631494045257,253.4612331646577,800.0,208.31574702262878,134.30920334034084,208.31574702262878,711.2606887102127,199.51451629919703,356.30344355106354,208.00905076340354,245.58750000001857,64.78865882620367,9956.0,2562.554975020048,864.0,316.7838379715733,199.5,253.85133444597056,864.0,316.7838379715733,2.0,0.0,21.5,2.1213203435596424,0.2654609407183828,0.022339997720516203
density,density,dfs,dfs,DFS-WCCG,obstacle_count,45.0,10,0,10,8,0,0.0,0.0,0.2775327998628892,TIMEOUT:2;TIMEOUT_PRUNED:8,800.0,0.0,800.0,800.0,0.0,800.0,,,,800.0,0.0,,,,,,,,,,,,,,,,,0.27946643664800624,0.016882759840738108
density,density,ours,ours,PushAround,obstacle_count,15.0,10,10,0,0,0,1.0,0.7224672001371107,0.9999999999999999,TERMINATED:10,2.4614883184432985,0.9211670153454609,2.674065589904785,2.4614883184432985,0.9211670153454609,2.674065589904785,2.4614883184432985,0.9211670153454609,2.674065589904785,13.191570353507995,4.809565304587617,13.191570353507995,4.809565304587617,37.08499999999949,20.99570458715566,1777.5,891.9285285268097,20.7,7.803845206050668,3.5,1.35400640077266,12.4,7.229568912920512,1.3,0.4830458915396479,3.5,1.35400640077266,0.1110611168784283,0.010233747370247162
density,density,ours,ours,PushAround,obstacle_count,20.0,10,10,0,0,0,1.0,0.7224672001371107,0.9999999999999999,TERMINATED:10,4.929301023483276,1.6928578124845606,5.073889374732971,4.929301023483276,1.6928578124845606,5.073889374732971,4.929301023483276,1.6928578124845606,5.073889374732971,26.90749583244324,8.750572902532753,26.90749583244324,8.750572902532753,56.92499999999883,16.812218605658646,2505.1,674.0084816479191,34.5,5.522680508593631,5.8,0.9189365834726815,25.7,4.8545511292669135,1.3,0.48304589153964794,5.8,0.9189365834726815,0.14635423221104576,0.010985397176318908
density,density,ours,ours,PushAround,obstacle_count,25.0,10,10,0,0,0,1.0,0.7224672001371107,0.9999999999999999,TERMINATED:10,8.187848377227784,2.1731502612220224,7.8379480838775635,8.187848377227784,2.1731502612220224,7.8379480838775635,8.187848377227784,2.1731502612220224,7.8379480838775635,42.27745816707611,11.063747852336615,42.27745816707611,11.063747852336615,77.34000000000091,13.631546337654266,3263.9,563.5398930964082,47.9,9.243015380996255,7.9,1.4491376746189437,37.1,7.385421074281713,1.3,0.4830458915396479,7.9,1.4491376746189437,0.17845177986485422,0.013685845544565336
density,density,ours,ours,PushAround,obstacle_count,30.0,10,10,0,0,0,1.0,0.7224672001371107,0.9999999999999999,TERMINATED:10,11.68392288684845,3.747939410907958,10.580580234527588,11.68392288684845,3.747939410907958,10.580580234527588,11.68392288684845,3.747939410907958,10.580580234527588,59.805401468276976,21.387838201615494,59.805401468276976,21.387838201615494,100.86000000000627,34.71192998572441,4185.2,1395.6076971858693,64.3,22.603097132915213,10.5,2.6770630673681683,49.6,16.049922118191105,1.7,0.4830458915396479,10.5,2.6770630673681683,0.20758868510133027,0.012262064610771041
density,density,ours,ours,PushAround,obstacle_count,35.0,10,10,0,0,0,1.0,0.7224672001371107,0.9999999999999999,TERMINATED:10,26.462041473388673,9.349449893713683,24.297686100006104,26.462041473388673,9.349449893713683,24.297686100006104,26.462041473388673,9.349449893713683,24.297686100006104,124.60002071857453,50.456373316532535,124.60002071857453,50.456373316532535,165.43500000001615,65.9675174696747,6739.9,2633.0683178882136,113.4,36.10847853651857,16.6,4.221637386396684,89.8,29.682767166601344,1.9,0.31622776601683794,16.6,4.221637386396684,0.2376261708357592,0.01711683209893732
density,density,ours,ours,PushAround,obstacle_count,40.0,10,10,0,0,0,1.0,0.7224672001371107,0.9999999999999999,TERMINATED:10,38.918237632560725,14.683509764064613,36.75701200962067,38.918237632560725,14.683509764064613,36.75701200962067,38.918237632560725,14.683509764064613,36.75701200962067,181.82046610507965,58.90613766318842,181.82046610507965,58.90613766318842,213.21000000001732,58.30109251882201,8640.2,2335.35554276241,149.8,50.86321526080185,21.9,5.23768396653839,114.0,39.53057888099625,1.9,0.7378647873726218,20.7,4.083843505544474,0.2617514717210822,0.018052341141568812
density,density,ours,ours,PushAround,obstacle_count,45.0,10,10,0,0,0,1.0,0.7224672001371107,0.9999999999999999,TERMINATED:10,53.440808629989625,24.50087619276246,41.85034978389741,53.440808629989625,24.50087619276246,41.85034978389741,53.440808629989625,24.50087619276246,41.85034978389741,246.36546783447267,95.72480316587934,246.36546783447267,95.72480316587934,272.7374999999959,97.42537047652782,11006.3,3896.8465898010977,199.2,85.58660331305751,28.7,10.853058964590991,144.1,43.587587427819145,2.1,0.5676462121975466,26.1,6.806043066438988,0.28298232696165415,0.014472271223677651
density,density,ours_no_recursive,ours_no_recursive,PushAround w/o rec.,obstacle_count,15.0,10,10,0,0,0,1.0,0.7224672001371107,0.9999999999999999,TERMINATED:10,2.133996367454529,0.7986904325210624,2.2024892568588257,2.133996367454529,0.7986904325210624,2.2024892568588257,2.133996367454529,0.7986904325210624,2.2024892568588257,14.711752247810363,5.295000480829072,14.711752247810363,5.295000480829072,37.08499999999949,20.99570458715566,1814.3,901.8429340953877,20.7,7.803845206050668,3.5,1.35400640077266,12.4,7.229568912920512,1.3,0.4830458915396479,3.5,1.35400640077266,0.1110611168784283,0.010233747370247162
density,density,ours_no_recursive,ours_no_recursive,PushAround w/o rec.,obstacle_count,20.0,10,10,0,0,0,1.0,0.7224672001371107,0.9999999999999999,TERMINATED:10,4.271173214912414,1.3488451341247916,4.288710951805115,4.271173214912414,1.3488451341247916,4.288710951805115,4.271173214912414,1.3488451341247916,4.288710951805115,27.580453944206237,8.178335755737175,27.580453944206237,8.178335755737175,57.93499999999899,17.35352669888469,2581.8,694.229196863527,33.9,4.909175083453431,5.7,0.8232726023485646,25.6,4.765617600176404,1.2,0.4216370213557839,5.7,0.8232726023485646,0.14635423221104576,0.010985397176318908
density,density,ours_no_recursive,ours_no_recursive,PushAround w/o rec.,obstacle_count,25.0,10,10,0,0,0,1.0,0.7224672001371107,0.9999999999999999,TERMINATED:10,7.694455170631409,2.066291321575584,7.401106595993042,7.694455170631409,2.066291321575584,7.401106595993042,7.694455170631409,2.066291321575584,7.401106595993042,44.01238639354706,10.755106729127583,44.01238639354706,10.755106729127583,77.707500000001,14.915200346926792,3290.9,627.9494760284815,48.9,9.596874491208062,8.2,1.5491933384829668,38.3,8.57710129744698,1.4,0.5163977794943223,8.2,1.5491933384829668,0.17845177986485422,0.013685845544565336
density,density,ours_no_recursive,ours_no_recursive,PushAround w/o rec.,obstacle_count,30.0,10,10,0,0,0,1.0,0.7224672001371107,0.9999999999999999,TERMINATED:10,11.441794657707215,2.9750098298665315,10.241867303848267,11.441794657707215,2.9750098298665315,10.241867303848267,11.441794657707215,2.9750098298665315,10.241867303848267,61.47347450256348,19.689439038507306,61.47347450256348,19.689439038507306,97.29000000000559,31.50234382815123,4041.2,1261.2162383984753,62.5,14.323640133243597,10.6,2.118699810942761,49.3,11.576316819745006,1.7,0.6749485577105528,10.6,2.118699810942761,0.20758868510133027,0.012262064610771041
density,density,ours_no_recursive,ours_no_recursive,PushAround w/o rec.,obstacle_count,35.0,10,10,0,0,0,1.0,0.7224672001371107,0.9999999999999999,TERMINATED:10,24.734498715400697,8.18889232063344,23.446919560432434,24.734498715400697,8.18889232063344,23.446919560432434,24.734498715400697,8.18889232063344,23.446919560432434,131.88077988624573,53.392797018593484,131.88077988624573,53.392797018593484,166.0525000000163,68.4984726614068,6758.0,2729.3343917926622,111.3,35.28314044979557,18.5,5.835713800003866,82.0,19.567546828585563,2.0,0.9428090415820634,18.0,5.228129047119374,0.2376261708357592,0.01711683209893732
density,density,ours_no_recursive,ours_no_recursive,PushAround w/o rec.,obstacle_count,40.0,10,9,1,0,0,0.9,0.5958499732047615,0.9821237869049271,TERMINATED:9;TIMEOUT:1,111.95716762542725,241.96994207431155,35.63427913188934,111.95716762542725,241.96994207431155,35.63427913188934,35.507964028252495,10.850173093124555,34.304404735565186,243.05838248729705,200.95897922815,181.17598054144116,48.4919473196558,213.4277777777932,67.82393042423638,8645.777777777777,2731.2738684438887,153.77777777777777,90.98183579398936,23.0,6.6332495807108,123.88888888888889,82.662634310256,2.0,0.5,22.666666666666668,5.744562646538029,0.2621409056643174,0.019102793953278362
density,density,ours_no_recursive,ours_no_recursive,PushAround w/o rec.,obstacle_count,45.0,10,7,3,1,0,0.7,0.39677814746114537,0.8922087325936989,TERMINATED:7;TIMEOUT:2;TIMEOUT_PRUNED:1,268.85976498126985,366.6436573310287,48.11581766605377,268.85976498126985,366.6436573310287,48.11581766605377,41.22823568752834,11.586655270516394,40.0745632648468,379.5958329439163,292.3149922676569,199.42261849130904,43.92567749867934,232.8535714285945,45.70255378661182,9428.142857142857,1836.2595521486453,179.28571428571428,61.58115048647675,31.571428571428573,14.40899190155396,129.57142857142858,36.031732046707305,2.2857142857142856,0.7559289460184545,26.0,7.094598884597588,0.2831470121530271,0.0153402200124461
density,density,recursive,recursive,Rec-NAMO,obstacle_count,15.0,10,10,0,0,0,1.0,0.7224672001371107,0.9999999999999999,TERMINATED:10,15.83978226184845,12.380769980411419,13.466017127037048,15.83978226184845,12.380769980411419,13.466017127037048,15.83978226184845,12.380769980411419,13.466017127037048,78.52292912006378,63.70475295117116,78.52292912006378,63.70475295117116,177.52249999999566,129.10510976738206,7395.4,5157.597657824814,0.0,0.0,4.3,3.433495141818157,11.8,7.757433710820723,4.3,3.433495141818157,11.8,7.757433710820723,0.1110611168784283,0.010233747370247162
density,density,recursive,recursive,Rec-NAMO,obstacle_count,20.0,10,6,4,0,0,0.6,0.31267376973365824,0.8318196702937638,TERMINATED:6;TIMEOUT:4,353.50061376094817,385.46203976406093,97.9747451543808,353.50061376094817,385.46203976406093,97.9747451543808,55.83435626824697,40.37534927642857,51.726861357688904,413.5224891424179,341.40769736310534,155.8708152373632,103.21547013684473,265.34999999997444,138.75314681112138,10856.0,5526.181538820454,0.0,0.0,5.833333333333333,4.167333280008532,20.0,10.256705123966467,5.833333333333333,4.167333280008532,20.0,10.256705123966467,0.14635423221104576,0.010985397176318908
density,density,recursive,recursive,Rec-NAMO,obstacle_count,25.0,10,0,10,4,0,0.0,0.0,0.2775327998628892,TIMEOUT:6;TIMEOUT_PRUNED:4,800.0,0.0,800.0,800.0,0.0,800.0,,,,800.0,0.0,,,,,,,,,,,,,,,,,0.1830780751257586,0.015334906782646863
density,density,recursive,recursive,Rec-NAMO,obstacle_count,30.0,10,0,10,10,0,0.0,0.0,0.2775327998628892,TIMEOUT_PRUNED:10,800.0,0.0,800.0,800.0,0.0,800.0,,,,800.0,0.0,,,,,,,,,,,,,,,,,,
density,density,recursive,recursive,Rec-NAMO,obstacle_count,35.0,10,0,10,10,0,0.0,0.0,0.2775327998628892,TIMEOUT_PRUNED:10,800.0,0.0,800.0,800.0,0.0,800.0,,,,800.0,0.0,,,,,,,,,,,,,,,,,,
density,density,recursive,recursive,Rec-NAMO,obstacle_count,40.0,10,0,10,10,0,0.0,0.0,0.2775327998628892,TIMEOUT_PRUNED:10,800.0,0.0,800.0,800.0,0.0,800.0,,,,800.0,0.0,,,,,,,,,,,,,,,,,,
density,density,recursive,recursive,Rec-NAMO,obstacle_count,45.0,10,0,10,10,0,0.0,0.0,0.2775327998628892,TIMEOUT_PRUNED:10,800.0,0.0,800.0,800.0,0.0,800.0,,,,800.0,0.0,,,,,,,,,,,,,,,,,,
density,density,slpush,slpush,SL-Push (sim),obstacle_count,15.0,10,10,0,0,0,1.0,0.7224672001371107,0.9999999999999999,TERMINATED:10,4.896938133239746,4.8150190514180595,2.9171255826950073,4.896938133239746,4.8150190514180595,2.9171255826950073,4.896938133239746,4.8150190514180595,2.9171255826950073,48.928466963768,45.328097181812176,48.928466963768,45.328097181812176,114.92250000000271,85.13430684153673,4908.7,3372.5176896002586,27.6,18.15488914865635,13.8,9.077444574328174,27.6,18.15488914865635,1.0,0.0,13.8,9.077444574328174,0.1110611168784283,0.010233747370247162
density,density,slpush,slpush,SL-Push (sim),obstacle_count,20.0,10,8,1,0,0,0.8,0.49016247153664183,0.9433178485456247,TERMINATED:9;TIMEOUT:1,90.1534236907959,249.6697844076424,8.77814507484436,165.90731222629546,334.20487736462195,8.77814507484436,7.384140282869339,2.7323137373789756,7.222433090209961,146.48237984180452,231.28159906339735,77.79439488053322,28.715725657353918,182.65937500000928,92.73580362810937,7542.75,3778.4513740042075,43.75,20.464254549963805,21.875,10.232127274981902,43.75,20.464254549963805,1.125,0.3535533905932738,21.875,10.232127274981902,0.14635423221104576,0.010985397176318908
density,density,slpush,slpush,SL-Push (sim),obstacle_count,25.0,10,7,2,1,0,0.7,0.39677814746114537,0.8922087325936989,TERMINATED:8;TIMEOUT:1;TIMEOUT_PRUNED:1,178.36299591064454,328.42288663286513,17.638288617134094,249.8764917373657,379.66406623963627,17.638288617134094,14.109273910522461,6.980194604463894,11.193461179733276,249.56160452365876,292.8394926727554,115.8172367300306,47.43769168107819,224.0321428571461,99.76857775442897,9154.42857142857,4035.1500532670343,70.0,39.1066916694999,35.0,19.55334583474995,70.0,39.1066916694999,1.0,0.0,35.0,19.55334583474995,0.1776455941132073,0.014261956047791211
density,density,slpush,slpush,SL-Push (sim),obstacle_count,30.0,10,7,2,2,0,0.7,0.39677814746114537,0.8922087325936989,TERMINATED:8;TIMEOUT_PRUNED:2,194.28579611778258,321.01626880845083,49.44104993343353,261.53451015949247,371.88262483474784,49.44104993343353,30.76358594213213,18.476978420729836,19.592214107513428,315.8601953983307,271.00483386842006,204.43334007263184,107.89233485283883,286.9749999999603,146.22823057345855,11617.142857142857,5871.289308393612,118.85714285714286,86.62453188219561,59.42857142857143,43.312265941097806,118.85714285714286,86.62453188219561,1.2857142857142858,0.48795003647426666,59.42857142857143,43.312265941097806,0.2070557950760018,0.013789608532544361
density,density,slpush,slpush,SL-Push (sim),obstacle_count,35.0,10,2,5,2,0,0.2,0.05668215145437519,0.5098375284633583,TERMINATED:5;TIMEOUT:3;TIMEOUT_PRUNED:2,454.3801436662674,366.7652001992956,499.4343795776367,652.5165003299713,311.5321347399395,800.0,62.58250164985657,58.43912887646862,62.58250164985657,507.2568078517914,326.4147596972421,326.8507926464081,232.92698763980408,268.2749999999782,145.98219497590307,10815.0,5829.388304101898,149.0,142.8355697996826,74.5,71.4177848998413,149.0,142.8355697996826,1.0,0.0,74.5,71.4177848998413,0.23719198052410814,0.019239615093206926
density,density,slpush,slpush,SL-Push (sim),obstacle_count,40.0,10,1,6,5,0,0.1,0.017876213095072896,0.4041500267952385,TERMINATED:4;TIMEOUT:1;TIMEOUT_PRUNED:5,541.792452454567,337.85511121692764,800.0,726.996974992752,230.85583510513365,800.0,69.96974992752075,0.0,69.96974992752075,585.9326937437057,295.5227348326468,511.1046314239502,0.0,413.2249999998981,0.0,16600.0,0.0,176.0,0.0,88.0,0.0,176.0,0.0,1.0,0.0,88.0,0.0,0.26114057306663274,0.02136522413410665
density,density,slpush,slpush,SL-Push (sim),obstacle_count,45.0,10,0,7,6,0,0.0,0.0,0.2775327998628892,TERMINATED:3;TIMEOUT:1;TIMEOUT_PRUNED:6,619.9845907926559,291.78492644522794,800.0,800.0,0.0,800.0,,,,620.034072303772,291.71140500999275,,,,,,,,,,,,,,,,,0.2847153190359166,0.019308136924221456
